{
  "id": "",
  "name": "",
  "font_family": "iconfont",
  "css_prefix_text": "icon-",
  "description": "",
  "glyphs": [
    {
      "icon_id": "1494660",
      "name": "右箭头",
      "font_class": "youjiantou",
      "unicode": "e608",
      "unicode_decimal": 58888
    },
    {
      "icon_id": "9040956",
      "name": "菱形框",
      "font_class": "tubiao",
      "unicode": "e636",
      "unicode_decimal": 58934
    },
    {
      "icon_id": "10048847",
      "name": "圆形",
      "font_class": "yuanxing",
      "unicode": "e626",
      "unicode_decimal": 58918
    },
    {
      "icon_id": "10398166",
      "name": "画笔",
      "font_class": "huabi",
      "unicode": "e61f",
      "unicode_decimal": 58911
    },
    {
      "icon_id": "11467418",
      "name": "矩形",
      "font_class": "juxing",
      "unicode": "e609",
      "unicode_decimal": 58889
    },
    {
      "icon_id": "13678556",
      "name": "横线",
      "font_class": "hengxian",
      "unicode": "e646",
      "unicode_decimal": 58950
    }
  ]
}
